modelo,banda,saida,mse_espectral,smape_espectral_%,energia_rel_%
ARMAX 1 passo,tendencia_acima_32h,vazao_distribuicao,0.14896246428844823,15.186496928762516,-19.602412177690905
ARMAX 1 passo,tendencia_acima_32h,nivel_res,7.82705005356779e-06,10.11382075332527,3.5644666065193715
ARMAX 1 passo,tendencia_acima_32h,pressao,0.023563676407351217,50.25083872580488,-16.090412089750995
ARMAX 1 passo,diario_16-32h,vazao_distribuicao,0.4367953477675786,10.708755753444295,-12.503557105661937
ARMAX 1 passo,diario_16-32h,nivel_res,1.4728948080505847e-05,12.330856698232004,4.213345851235812
ARMAX 1 passo,diario_16-32h,pressao,0.011916924682649113,12.341897229245799,-9.10959249765726
ARMAX 1 passo,harmonico_8-16h,vazao_distribuicao,0.07627008287552689,20.96858384077118,9.097285619532526
ARMAX 1 passo,harmonico_8-16h,nivel_res,3.53538663686086e-05,24.283329400566842,22.850065151522198
ARMAX 1 passo,harmonico_8-16h,pressao,0.006122449184556623,36.21198813441544,-6.206580191930508
ARMAX 1 passo,curto_4-8h,vazao_distribuicao,0.08276444647702433,35.655301985158175,28.361338019583762
ARMAX 1 passo,curto_4-8h,nivel_res,1.3563285934141494e-05,42.027561073304845,62.653013562429436
ARMAX 1 passo,curto_4-8h,pressao,0.010560701610843928,49.04642718657767,-64.16417156242241
ARMAX 1 passo,ruido_2-4h,vazao_distribuicao,0.14701579679794968,69.32870276069464,42.144163056997236
ARMAX 1 passo,ruido_2-4h,nivel_res,1.8266994740827555e-05,81.8875184074674,438.03746600392805
ARMAX 1 passo,ruido_2-4h,pressao,0.007469849019045155,39.81390653968955,29.20859474065504
ARMAX 12 passos,tendencia_acima_32h,vazao_distribuicao,1.4631268697975524,61.4410705394982,-3.2773369776222125
ARMAX 12 passos,tendencia_acima_32h,nivel_res,0.0007358332263105869,59.97738572198661,27.667539276681644
ARMAX 12 passos,tendencia_acima_32h,pressao,0.09875059443493998,57.10671386528774,155.41004980961299
ARMAX 12 passos,diario_16-32h,vazao_distribuicao,17.851053404142583,58.744864207089606,-64.80359153683592
ARMAX 12 passos,diario_16-32h,nivel_res,0.0005948304832298915,58.20077558592005,26.70330720971416
ARMAX 12 passos,diario_16-32h,pressao,0.27620844615876605,41.967993927429006,-57.166950562440235
ARMAX 12 passos,harmonico_8-16h,vazao_distribuicao,2.0545484121922066,66.18626906543459,-39.552350881331236
ARMAX 12 passos,harmonico_8-16h,nivel_res,0.00011326316399691593,42.23867673121987,-19.730652887062842
ARMAX 12 passos,harmonico_8-16h,pressao,0.04164509497335486,68.48579437848062,-38.62795876328094
ARMAX 12 passos,curto_4-8h,vazao_distribuicao,0.7130930004298229,77.23488161516117,36.577705166730865
ARMAX 12 passos,curto_4-8h,nivel_res,2.6588267171056312e-05,56.37533750340101,17.535171142698843
ARMAX 12 passos,curto_4-8h,pressao,0.02155548540410482,78.73371105146276,-45.782785049944046
ARMAX 12 passos,ruido_2-4h,vazao_distribuicao,0.1502226196327852,80.00632881264718,-16.122560621180597
ARMAX 12 passos,ruido_2-4h,nivel_res,1.1944734578288996e-05,75.29520127663301,301.8078898302563
ARMAX 12 passos,ruido_2-4h,pressao,0.016778294885098907,93.96697599945986,-71.52957533331167
Seq2SeqAttention,tendencia_acima_32h,vazao_distribuicao,1.7727085730157903,55.32938387678519,-51.16113683180702
Seq2SeqAttention,tendencia_acima_32h,nivel_res,0.0007535786045435207,68.07875599153144,-50.23461534660837
Seq2SeqAttention,tendencia_acima_32h,pressao,0.035894409262464434,59.89645478726487,-19.48861097224499
Seq2SeqAttention,diario_16-32h,vazao_distribuicao,0.9940388627862606,21.8533809768713,-0.3482808012902744
Seq2SeqAttention,diario_16-32h,nivel_res,0.001429336162614696,66.65884394406251,75.97358174930937
Seq2SeqAttention,diario_16-32h,pressao,0.08282192266288392,36.22688228108088,16.257698109641527
Seq2SeqAttention,harmonico_8-16h,vazao_distribuicao,0.9087889457108865,55.070638920738766,-29.609333509080756
Seq2SeqAttention,harmonico_8-16h,nivel_res,0.0001837744506313882,57.12130001820839,-37.225351954598935
Seq2SeqAttention,harmonico_8-16h,pressao,0.049279370046895414,73.14506953849231,-65.38776008843777
Seq2SeqAttention,curto_4-8h,vazao_distribuicao,0.23130591677330228,70.6947358678594,-50.3029544300049
Seq2SeqAttention,curto_4-8h,nivel_res,2.070627794335372e-05,53.11171180009855,-13.896090292296535
Seq2SeqAttention,curto_4-8h,pressao,0.019141541695659507,78.77271833069096,-63.912391443587396
Seq2SeqAttention,ruido_2-4h,vazao_distribuicao,0.1297685718703536,69.89316181743081,-72.50648700391145
Seq2SeqAttention,ruido_2-4h,nivel_res,3.174978022969856e-06,60.167195197218426,45.12344644770394
Seq2SeqAttention,ruido_2-4h,pressao,0.02188418422029731,106.61705128158675,-92.66676422377903
MPNN,tendencia_acima_32h,vazao_distribuicao,1.8439492506689288,58.14582976421205,-57.44338932624918
MPNN,tendencia_acima_32h,nivel_res,0.0012134514349487382,74.6438501811075,-59.086733823333724
MPNN,tendencia_acima_32h,pressao,0.02644444664940389,56.52889085333217,-56.993946721949925
MPNN,diario_16-32h,vazao_distribuicao,0.9334891980982574,22.38429297444272,-1.1285317871721265
MPNN,diario_16-32h,nivel_res,0.0008042181098281521,36.146632434976055,70.13840336698405
MPNN,diario_16-32h,pressao,0.09405542051495988,41.12573517125047,-16.122468200682516
MPNN,harmonico_8-16h,vazao_distribuicao,0.8553332478438783,56.401082469937734,-39.70143583891826
MPNN,harmonico_8-16h,nivel_res,0.00031250262772058665,64.29842200838503,-56.49259586860515
MPNN,harmonico_8-16h,pressao,0.051356828065515725,79.97573109812184,-65.24047626576767
MPNN,curto_4-8h,vazao_distribuicao,0.26281271693765906,59.419363759055834,-64.87855494818571
MPNN,curto_4-8h,nivel_res,5.645598452485441e-05,64.99566296438708,-42.59975823604959
MPNN,curto_4-8h,pressao,0.025725667023678234,80.44377991650055,-79.79768396918128
MPNN,ruido_2-4h,vazao_distribuicao,0.1156236582950438,60.88669347783684,-73.67529525665522
MPNN,ruido_2-4h,nivel_res,7.615497876913625e-06,70.80226516308157,170.20122782736024
MPNN,ruido_2-4h,pressao,0.020230214931275244,101.86363381683027,-91.12601275441409
SymbolicGraphNetwork,tendencia_acima_32h,vazao_distribuicao,2.0086070264261973,67.90075113699834,-69.03329291460167
SymbolicGraphNetwork,tendencia_acima_32h,nivel_res,0.0012334670982517132,70.39167880390113,-70.01936583091438
SymbolicGraphNetwork,tendencia_acima_32h,pressao,0.03299493466037913,59.769564044084255,-62.178029346367666
SymbolicGraphNetwork,diario_16-32h,vazao_distribuicao,0.36381778561041705,14.071444725609053,0.007767463173023312
SymbolicGraphNetwork,diario_16-32h,nivel_res,0.0008608458934736739,44.794672375718065,58.26549349104315
SymbolicGraphNetwork,diario_16-32h,pressao,0.0636315110972224,36.09257965203337,-15.160383081267486
SymbolicGraphNetwork,harmonico_8-16h,vazao_distribuicao,0.6937161891191558,51.9376458548597,-30.123271881167117
SymbolicGraphNetwork,harmonico_8-16h,nivel_res,0.00038400205740944513,74.54075491770872,-59.853455047573824
SymbolicGraphNetwork,harmonico_8-16h,pressao,0.058468664385039726,83.07649672155154,-65.1461158644985
SymbolicGraphNetwork,curto_4-8h,vazao_distribuicao,0.26080661194516325,55.397749466078736,-64.53129381783397
SymbolicGraphNetwork,curto_4-8h,nivel_res,5.553237838787331e-05,70.91266462361462,-67.95059981635374
SymbolicGraphNetwork,curto_4-8h,pressao,0.02630345285322483,88.55576921392716,-85.31288510903798
SymbolicGraphNetwork,ruido_2-4h,vazao_distribuicao,0.1182343570379853,62.72157230288234,-72.1773645530254
SymbolicGraphNetwork,ruido_2-4h,nivel_res,4.533887884438388e-06,68.33818745352393,68.83158537012815
SymbolicGraphNetwork,ruido_2-4h,pressao,0.02245835802633823,114.0440786057317,-94.0578316770597
StemGNN,tendencia_acima_32h,vazao_distribuicao,2.004341947628463,59.94503857816035,-63.616910643614666
StemGNN,tendencia_acima_32h,nivel_res,0.0008964988851503899,52.49922992223157,-53.42161170243547
StemGNN,tendencia_acima_32h,pressao,0.06446212350406437,65.62099209919936,59.41417278200517
StemGNN,diario_16-32h,vazao_distribuicao,0.9553233736475899,16.77604160928609,-9.773812440580677
StemGNN,diario_16-32h,nivel_res,0.0007684212217059193,51.02826481592502,-2.8932328892593544
StemGNN,diario_16-32h,pressao,0.087762340934893,33.26825705194397,-11.782272991159015
StemGNN,harmonico_8-16h,vazao_distribuicao,0.5324574075437277,42.44998475251355,-32.82800263252698
StemGNN,harmonico_8-16h,nivel_res,0.00023980317855321355,74.07454984727228,-37.18571760488812
StemGNN,harmonico_8-16h,pressao,0.041564512222155334,71.37612763431508,-53.21164558033547
StemGNN,curto_4-8h,vazao_distribuicao,0.22740098957305266,61.54009656535195,-60.13124387161622
StemGNN,curto_4-8h,nivel_res,5.182437610665727e-05,65.14305098499678,-58.16738946508856
StemGNN,curto_4-8h,pressao,0.020143331995573135,70.44003953083163,-71.72910781590559
StemGNN,ruido_2-4h,vazao_distribuicao,0.11547410153265746,72.81407699488173,-63.88240662544147
StemGNN,ruido_2-4h,nivel_res,5.4328423227136345e-06,69.67266500326265,118.48696990430021
StemGNN,ruido_2-4h,pressao,0.016730465290384435,88.52209536814085,-83.6172713431814
Seq2SeqLatentGNN,tendencia_acima_32h,vazao_distribuicao,1.8717673265542505,50.29011862289797,-68.37522613156382
Seq2SeqLatentGNN,tendencia_acima_32h,nivel_res,0.0015640876192889882,82.52466078554,-64.21245175137024
Seq2SeqLatentGNN,tendencia_acima_32h,pressao,0.030059702392354004,53.68022593790719,-30.094741840724712
Seq2SeqLatentGNN,diario_16-32h,vazao_distribuicao,1.2954048852181235,17.617697930286123,-9.137315422710904
Seq2SeqLatentGNN,diario_16-32h,nivel_res,0.0011085009812575248,49.07306139068446,65.7690946580775
Seq2SeqLatentGNN,diario_16-32h,pressao,0.06804608820271735,30.748534071154765,11.621619409450558
Seq2SeqLatentGNN,harmonico_8-16h,vazao_distribuicao,1.4510418075622769,66.72970475741828,-57.382204871522994
Seq2SeqLatentGNN,harmonico_8-16h,nivel_res,0.0002906059654345666,73.05003122998788,-41.30683268359488
Seq2SeqLatentGNN,harmonico_8-16h,pressao,0.044023442871390955,74.4082707356801,-69.56913957371295
Seq2SeqLatentGNN,curto_4-8h,vazao_distribuicao,0.23544554971280152,60.80545877212208,-60.51024837152301
Seq2SeqLatentGNN,curto_4-8h,nivel_res,3.5297921959868616e-05,63.31551299250214,-44.2962799352212
Seq2SeqLatentGNN,curto_4-8h,pressao,0.02100977243592078,79.7064916158496,-73.13323631785181
Seq2SeqLatentGNN,ruido_2-4h,vazao_distribuicao,0.1457396860926649,83.1278422519752,-65.1521014258311
Seq2SeqLatentGNN,ruido_2-4h,nivel_res,1.2659371131096106e-05,71.94381008795783,234.81392758540022
Seq2SeqLatentGNN,ruido_2-4h,pressao,0.023503011132088296,117.37655229799282,-90.38341383983703
