modelo,saida,mse,mae,r2,smape_%
ARMAX 1 passo,vazao_distribuicao,53.610891694854935,4.926621115342626,0.9146911002032895,8.047540535493358
ARMAX 1 passo,nivel_res,0.003420618276820487,0.04059524496167726,0.9315417938530056,1.7504915501900156
ARMAX 1 passo,pressao,5.306337475956242,1.3375456370724408,0.6302702843869104,6.08396943405983
ARMAX 12 passos,vazao_distribuicao,270.88908209268965,12.833207722785327,0.5689448761307218,19.90308646311077
ARMAX 12 passos,nivel_res,0.03571161490550056,0.13551816542437176,0.28528912108975046,5.857054714449489
ARMAX 12 passos,pressao,12.289741311203839,2.74714775620077,0.1436876036364435,12.27249542240855
Seq2SeqAttention,vazao_distribuicao,77.03440213931604,6.538440582187832,0.8774181908704737,9.703638830491535
Seq2SeqAttention,nivel_res,0.028240595162627415,0.1297900209383633,0.4348096370595349,5.462607155429923
Seq2SeqAttention,pressao,4.982165657824334,1.4528381103649286,0.6528576065598353,6.541019966905884
MPNN,vazao_distribuicao,57.29106800070134,5.789413061407092,0.9088349806390665,8.683147690579343
MPNN,nivel_res,0.03759516025014046,0.1504098243932793,0.24759297230742394,6.340692745463892
MPNN,pressao,4.785070264104025,1.528414741496359,0.6665906237678535,6.8084339851070474
SymbolicGraphNetwork,vazao_distribuicao,53.648480064564346,5.569570067141919,0.9146312873114743,8.402181160163858
SymbolicGraphNetwork,nivel_res,0.03698161826216437,0.15171381935373704,0.259872034305463,6.393598017777016
SymbolicGraphNetwork,pressao,4.3991833214744,1.4248069017092364,0.693478071127493,6.321081998046209
StemGNN,vazao_distribuicao,69.8333606829864,6.3964058317449535,0.8888769244339175,10.146412281381405
StemGNN,nivel_res,0.030697564137486998,0.1278535923989316,0.38563733107102494,5.4040592232889155
StemGNN,pressao,5.823429252469965,1.7089907560926343,0.5942408768449723,7.752440878170185
Seq2SeqLatentGNN,vazao_distribuicao,78.75103959806083,6.966145608696849,0.8746865733143084,10.570748692962715
Seq2SeqLatentGNN,nivel_res,0.03479677723336025,0.1450452937224345,0.30359813451425666,6.138081990321856
Seq2SeqLatentGNN,pressao,5.2648216361617175,1.5887861065999662,0.6331629838637565,7.234429044763395
