parametro,GA,NSGA-II,GWO,MOGWO,CS,MOCS
a11,-0.415,-0.580,-1.249,-1.205,-1.000,-1.000
a12,-0.333,-0.119,-7.4e-4,-0.011,-0.187,-0.262
a13,-5.1e-3,-0.036,0.385,0.397,0.519,0.581
a112,-0.226,-0.994,-0.492,-4.168,-0.654,-0.915
a122,-0.626,-0.995,-7.015,0.218,-0.774,-0.985
a132,0.481,-1.000,0.284,0.041,-0.979,-0.969
a113,-0.251,0.487,0.606,-0.036,0.355,0.895
a123,-0.200,-0.384,-7.6e-3,-0.063,-0.207,-0.497
a133,-0.201,-0.998,-0.013,6.0e-3,-0.821,-0.994
b111,0.092,-2.8e-4,-2.7e-4,2.3e-5,0.013,0.039
b121,-0.105,5.2e-4,-1.6e-4,-0.034,0.015,0.020
b131,0.130,-0.046,0.078,0.062,0.020,-0.015
b112,0.037,0.032,-2.4e-4,0.012,0.060,0.049
b122,9.8e-3,0.014,0.024,-2.9e-3,0.011,0.049
b132,0.027,-0.089,0.070,0.040,-0.016,-0.050
b113,0.121,0.010,0.055,0.013,-0.030,-0.011
b123,-0.014,-0.013,-0.002,-6.9e-3,0.022,-0.037
b133,0.080,0.077,4.5e-4,-7.8e-3,0.122,0.163
b114,-0.085,-0.045,-0.013,-0.018,-0.051,-0.046
b124,-0.021,-0.023,4.9e-4,-0.002,0.014,-3.7e-3
b134,-0.028,-0.023,-3.1e-4,-2.6e-3,8.4e-3,0.021
c11,0.763,0.867,0.024,0.034,0.275,0.314
c12,0.145,0.105,7.7e-3,0.012,-0.013,-0.083
c13,-0.129,-0.189,0.169,-6.3e-3,0.276,0.289
a21,-0.021,-0.261,-0.901,-0.650,0.078,0.647
a22,-0.132,-0.222,4.2e-3,-0.296,-0.098,-0.383
a23,0.067,-0.162,0.007,-0.068,0.139,-0.936
a211,-0.041,3.0e-3,1.5e-3,4.5e-3,0.018,0.010
a221,0.093,3.9e-3,7.5e-4,-2.6e-3,1.4e-3,7.2e-5
a231,-0.025,2.8e-3,-8.2e-5,1.2e-3,-4.9e-3,2.4e-3
a213,0.226,-8.3e-3,-0.012,1.0e-3,-0.025,-0.045
a223,0.031,-0.012,0.026,1.6e-3,-4.0e-3,0.014
a233,-0.138,-0.015,4.6e-4,2.0e-3,-0.026,-0.016
b211,0.029,6.1e-4,-1.8e-3,4.9e-4,0.021,-1.1e-3
b221,0.036,-1.6e-4,2.0e-5,-1.1e-3,0.012,8.7e-4
b231,0.026,-1.1e-3,-7.7e-4,-7.8e-5,-0.016,-7.0e-4
b212,4.8e-3,4.7e-4,0.055,-6.9e-4,0.033,-3.3e-4
b222,0.048,7.1e-5,1.3e-3,-9.5e-4,-0.010,-6.9e-4
b232,0.020,-6.2e-4,2.2e-3,1.3e-3,-0.029,1.4e-4
b213,-0.153,2.9e-3,3.4e-4,5.0e-3,-0.014,0.011
b223,0.043,-1.4e-3,-0.011,-3.5e-3,-0.022,-0.010
b233,0.168,-2.8e-3,0.025,-2.2e-3,0.012,1.9e-3
b214,8.6e-3,2.5e-3,3.2e-3,3.7e-3,7.9e-4,3.7e-3
b224,-0.016,1.7e-3,4.6e-3,3.5e-4,1.2e-3,3.5e-3
b234,-1.1e-3,7.3e-4,-2.2e-4,4.7e-4,6.9e-3,2.1e-3
c21,0.767,0.756,1.683,-0.014,0.732,0.931
c22,-0.138,0.134,-0.818,0.235,0.163,0.352
c23,0.226,0.105,-0.018,3.1e-3,0.052,-0.390
a31,-0.159,-0.286,0.076,-0.150,-0.332,-0.262
a32,-0.081,-0.106,-1.2e-3,-0.092,-0.084,0.083
a33,-0.144,-0.134,1.4e-4,-0.196,-0.207,-0.395
a311,0.040,-0.081,-0.100,-0.099,-0.043,-0.071
a321,0.013,-0.010,-0.036,-0.017,-0.035,-0.021
a331,-0.037,0.039,-3.7e-3,0.037,0.054,0.055
a312,0.305,-0.681,-6.502,-3.475,-0.590,-0.817
a322,-0.241,-0.989,0.733,9.7e-3,-0.546,-0.998
a332,-0.288,-0.947,0.023,-0.011,-0.996,-0.996
b311,0.111,0.041,0.018,-2.4e-3,0.045,0.028
b321,-0.016,-0.011,1.4e-6,8.4e-4,-0.011,-2.6e-3
b331,-0.052,-6.6e-3,5.9e-3,-0.010,3.4e-3,-0.016
b312,0.118,0.027,-1.4e-3,-1.6e-3,0.022,0.017
b322,-0.037,-9.4e-4,3.4e-3,-3.2e-3,0.024,7.1e-3
b332,0.055,-4.5e-3,7.9e-3,-2.8e-3,-0.013,-0.015
b313,0.314,0.070,9.9e-4,-0.010,0.074,0.031
b323,-0.294,-0.043,2.3e-3,0.032,1.5e-3,4.0e-3
b333,0.183,6.1e-3,4.2e-3,-0.023,-0.038,-2.2e-3
b314,-0.021,-2.0e-3,2.6e-3,-1.8e-3,-7.1e-3,-4.0e-3
b324,1.9e-3,2.9e-3,1.9e-4,1.1e-4,-7.0e-3,1.3e-3
b334,2.9e-3,-0.013,-0.011,-6.8e-3,4.0e-4,-4.5e-3
c31,0.570,0.283,0.721,0.540,0.387,0.336
c32,0.259,0.122,-1.0e-4,4.6e-3,0.055,0.236
c33,0.144,0.128,-8.1e-5,-0.012,0.237,-0.096
